<?xml version="1.0" encoding="UTF-8"?>
<project-private xmlns="http://www.netbeans.org/ns/project-private/1">
    <editor-bookmarks xmlns="http://www.netbeans.org/ns/editor-bookmarks/2" lastBookmarkId="0"/>
    <open-files xmlns="http://www.netbeans.org/ns/projectui-open-files/2">
        <group>
            <file>file:/D:/Study/Study%20Tutorial/MY%20NJ%20Assignments/Final%20Assignment/Assignment%205/USADiractory/web/js/USAValidate.js</file>
            <file>file:/D:/Study/Study%20Tutorial/MY%20NJ%20Assignments/Final%20Assignment/Assignment%205/USADiractory/web/index.jsp</file>
            <file>file:/D:/Study/Study%20Tutorial/MY%20NJ%20Assignments/Final%20Assignment/Assignment%205/USADiractory/web/css/style.css</file>
        </group>
    </open-files>
</project-private>
