<?xml version="1.0" encoding="UTF-8"?>
<project-private xmlns="http://www.netbeans.org/ns/project-private/1">
    <editor-bookmarks xmlns="http://www.netbeans.org/ns/editor-bookmarks/2" lastBookmarkId="0"/>
    <open-files xmlns="http://www.netbeans.org/ns/projectui-open-files/2">
        <group>
            <file>file:/home/raj8/NetBeansProjects/RandomTag/web/WEB-INF/tlds/mytags.tld</file>
            <file>file:/home/raj8/NetBeansProjects/RandomTag/web/css/style.css</file>
            <file>file:/home/raj8/NetBeansProjects/RandomTag/web/index.jsp</file>
            <file>file:/home/raj8/NetBeansProjects/RandomTag/src/java/com/finlogic/randomTag/tags/MyTagHandler.java</file>
        </group>
    </open-files>
</project-private>
